<?xml version="1.0" encoding="UTF-8"?>
<project-private xmlns="http://www.netbeans.org/ns/project-private/1">
    <editor-bookmarks xmlns="http://www.netbeans.org/ns/editor-bookmarks/2" lastBookmarkId="0"/>
    <open-files xmlns="http://www.netbeans.org/ns/projectui-open-files/2">
        <group>
            <file>file:/C:/Users/Constanza/Documents/NetBeansProjects/sobreescritura3/src/sobreescritura3/Revista.java</file>
            <file>file:/C:/Users/Constanza/Documents/NetBeansProjects/sobreescritura3/src/sobreescritura3/Principall.java</file>
            <file>file:/C:/Users/Constanza/Documents/NetBeansProjects/sobreescritura3/src/sobreescritura3/Material.java</file>
            <file>file:/C:/Users/Constanza/Documents/NetBeansProjects/sobreescritura3/src/sobreescritura3/Libro.java</file>
            <file>file:/C:/Users/Constanza/Documents/NetBeansProjects/sobreescritura3/src/sobreescritura3/Periodico.java</file>
        </group>
    </open-files>
</project-private>
